Company_Name,NSE_Symbol,Sector,Market_Cap_Cr,XBRL_URL,Submission_Date,Download_Success,Filepath,File_Size_KB
JSW Steel Ltd.,JSWSTEEL,Steel & Iron,208845.30859159,https://nsearchives.nseindia.com/corporate/xbrl/BRSR_1477130_04072025105556_WEB.xml,04-Jul-2025,True,data\brsr_xbrl\JSWSTEEL_JSW Steel Ltd_BRSR.xml,970.6005859375
Tata Steel Ltd.,TATASTEEL,Steel & Iron,193707.818995962,https://nsearchives.nseindia.com/corporate/xbrl/BRSR_1470548_24062025065142_WEB.xml,24-Jun-2025,True,data\brsr_xbrl\TATASTEEL_Tata Steel Ltd_BRSR.xml,1179.11328125
Steel Authority of India Ltd.,SAIL,Steel & Iron,57947.001506023,https://nsearchives.nseindia.com/corporate/xbrl/BRSR_1517071_25082025051220_WEB.xml,25-Aug-2025,True,data\brsr_xbrl\SAIL_Steel Authority of India Ltd_BRSR.xml,871.6240234375
NMDC Steel Ltd.,NSLNISP,Steel & Iron,17578.2085960115,https://nsearchives.nseindia.com/corporate/xbrl/BRSR_1515203_20082025042752_WEB.xml,20-Aug-2025,True,data\brsr_xbrl\NSLNISP_NMDC Steel Ltd_BRSR.xml,628.55078125
UltraTech Cement Ltd.,ULTRACEMCO,Cement,288793.807807726,https://nsearchives.nseindia.com/corporate/xbrl/BRSR_1495277_28072025045950_WEB.xml,28-Jul-2025,True,data\brsr_xbrl\ULTRACEMCO_UltraTech Cement Ltd_BRSR.xml,792.9775390625
Grasim Industries Ltd.,GRASIM,Cement,152681.77331541548,https://nsearchives.nseindia.com/corporate/xbrl/BRSR_1489740_21072025081731_WEB.xml,21-Jul-2025,True,data\brsr_xbrl\GRASIM_Grasim Industries Ltd_BRSR.xml,863.513671875
Ambuja Cements Ltd.,AMBUJACEM,Cement,124610.418015825,https://nsearchives.nseindia.com/corporate/xbrl/BRSR_1466435_13062025044732_WEB.xml,13-Jun-2025,True,data\brsr_xbrl\AMBUJACEM_Ambuja Cements Ltd_BRSR.xml,787.3115234375
Shree Cement Ltd.,SHREECEM,Cement,94681.7797370795,https://nsearchives.nseindia.com/corporate/xbrl/BRSR_1481349_11072025085821_WEB.xml,11-Jul-2025,True,data\brsr_xbrl\SHREECEM_Shree Cement Ltd_BRSR.xml,808.875
ACC Ltd.,ACC,Cement,47116.24419817751,https://nsearchives.nseindia.com/corporate/xbrl/BRSR_1466451_13062025050528_WEB.xml,13-Jun-2025,True,data\brsr_xbrl\ACC_ACC Ltd_BRSR.xml,793.2021484375
Dalmia Bharat Ltd.,DALBHARAT,Cement,37219.49925642,https://nsearchives.nseindia.com/corporate/xbrl/BRSR_1471188_25062025055858_WEB.xml,25-Jun-2025,True,data\brsr_xbrl\DALBHARAT_Dalmia Bharat Ltd_BRSR.xml,862.185546875
J.K. Cement Ltd.,JKCEMENT,Cement,32034.053254972,https://nsearchives.nseindia.com/corporate/xbrl/BRSR_1477512_04072025065647_WEB.xml,04-Jul-2025,True,data\brsr_xbrl\JKCEMENT_JK Cement Ltd_BRSR.xml,836.259765625
The Ramco Cements Ltd.,RAMCOCEM,Cement,20218.251307882,https://nsearchives.nseindia.com/corporate/xbrl/BRSR_1484703_16072025065810_WEB.xml,16-Jul-2025,True,data\brsr_xbrl\RAMCOCEM_The Ramco Cements Ltd_BRSR.xml,717.9921875
Nuvoco Vistas Corporation Ltd.,NUVOCO,Cement,11922.0750094535,https://nsearchives.nseindia.com/corporate/xbrl/BRSR_1475239_30062025082518_WEB.xml,30-Jun-2025,True,data\brsr_xbrl\NUVOCO_Nuvoco Vistas Corporation Ltd_BRSR.xml,638.9345703125
Birla Corporation Ltd.,BIRLACORPN,Cement,11623.0340624155,https://nsearchives.nseindia.com/corporate/xbrl/BRSR_1516292_22082025055401_WEB.xml,22-Aug-2025,True,data\brsr_xbrl\BIRLACORPN_Birla Corporation Ltd_BRSR.xml,706.4638671875
JK Lakshmi Cement Ltd.,JKLAKSHMI,Cement,10033.0692301315,https://nsearchives.nseindia.com/corporate/xbrl/BRSR_1522363_03092025062546_WEB.xml,03-Sep-2025,True,data\brsr_xbrl\JKLAKSHMI_JK Lakshmi Cement Ltd_BRSR.xml,826.341796875
Star Cement Ltd.,STARCEMENT,Cement,8554.700620531501,https://nsearchives.nseindia.com/corporate/xbrl/BRSR_1521006_01092025075243_WEB.xml,01-Sep-2025,True,data\brsr_xbrl\STARCEMENT_Star Cement Ltd_BRSR.xml,724.71875
Prism Johnson Ltd.,PRSMJOHNSN,Cement,8485.2728869205,https://nsearchives.nseindia.com/corporate/xbrl/BRSR_1483534_15072025064843_WEB.xml,15-Jul-2025,True,data\brsr_xbrl\PRSMJOHNSN_Prism Johnson Ltd_BRSR.xml,763.5009765625
Orient Cement Ltd.,ORIENTCEM,Cement,4810.6883903945,https://nsearchives.nseindia.com/corporate/xbrl/BRSR_1481472_12072025121446_WEB.xml,12-Jul-2025,True,data\brsr_xbrl\ORIENTCEM_Orient Cement Ltd_BRSR.xml,772.4345703125
Adani Enterprises Ltd.,ADANIENT,Mining & Minerals,357247.51587887853,https://nsearchives.nseindia.com/corporate/xbrl/BRSR_1468306_18062025105504_WEB.xml,18-Jun-2025,True,data\brsr_xbrl\ADANIENT_Adani Enterprises Ltd_BRSR.xml,786.7060546875
Hindustan Zinc Ltd.,HINDZINC,Mining & Minerals,181671.804668943,https://nsearchives.nseindia.com/corporate/xbrl/BRSR_1500543_01082025064512_WEB.xml,01-Aug-2025,True,data\brsr_xbrl\HINDZINC_Hindustan Zinc Ltd_BRSR.xml,930.59375
Hindalco Industries Ltd.,HINDALCO,Mining & Minerals,134624.8729453465,https://nsearchives.nseindia.com/corporate/xbrl/BRSR_1495762_28072025080158_WEB.xml,28-Jul-2025,True,data\brsr_xbrl\HINDALCO_Hindalco Industries Ltd_BRSR.xml,883.9033203125
Vedanta Ltd.,VEDL,Mining & Minerals,127007.464902381,https://nsearchives.nseindia.com/corporate/xbrl/BRSR_1468325_19062025105114_WEB.xml,19-Jun-2025,True,data\brsr_xbrl\VEDL_Vedanta Ltd_BRSR.xml,1039.65234375
NMDC Ltd.,NMDC,Mining & Minerals,69587.307520615,https://nsearchives.nseindia.com/corporate/xbrl/BRSR_1515128_20082025025901_WEB.xml,20-Aug-2025,True,data\brsr_xbrl\NMDC_NMDC Ltd_BRSR.xml,895.8271484375
Jindal Stainless Ltd.,JSL,Mining & Minerals,56012.5207915725,https://nsearchives.nseindia.com/corporate/xbrl/BRSR_1507721_08082025102028_WEB.xml,08-Aug-2025,True,data\brsr_xbrl\JSL_Jindal Stainless Ltd_BRSR.xml,935.755859375
Lloyds Metals And Energy Ltd.,LLOYDSME,Mining & Minerals,32197.3514399055,https://nsearchives.nseindia.com/corporate/xbrl/BRSR_1467506_17062025025923_WEB.xml,09-May-2025,True,data\brsr_xbrl\LLOYDSME_Lloyds Metals And Energy Ltd_BRSR.xml,745.048828125
Hindustan Copper Ltd.,HINDCOPPER,Mining & Minerals,30154.491717645004,https://nsearchives.nseindia.com/corporate/xbrl/BRSR_1519197_29082025035236_WEB.xml,29-Aug-2025,True,data\brsr_xbrl\HINDCOPPER_Hindustan Copper Ltd_BRSR.xml,751.4658203125
Jai Balaji Industries Ltd.,JAIBALAJI,Mining & Minerals,15997.3796024815,https://nsearchives.nseindia.com/corporate/xbrl/BRSR_1517185_25082025062939_WEB.xml,25-Aug-2025,True,data\brsr_xbrl\JAIBALAJI_Jai Balaji Industries Ltd_BRSR.xml,665.578125
Gujarat Mineral Development Corporation Ltd.,GMDCLTD,Mining & Minerals,13019.5569512195,https://nsearchives.nseindia.com/corporate/xbrl/BRSR_1520865_01092025061448_WEB.xml,01-Sep-2025,True,data\brsr_xbrl\GMDCLTD_Gujarat Mineral Development Co_BRSR.xml,758.5947265625
MOIL Ltd.,MOIL,Mining & Minerals,7590.147635497,https://nsearchives.nseindia.com/corporate/xbrl/BRSR_1524176_06092025012000_WEB.xml,06-Sep-2025,True,data\brsr_xbrl\MOIL_MOIL Ltd_BRSR.xml,734.6064453125
Gravita India Ltd.,GRAVITA,Mining & Minerals,6988.462064252,https://nsearchives.nseindia.com/corporate/xbrl/BRSR_1511782_13082025063605_WEB.xml,13-Aug-2025,True,data\brsr_xbrl\GRAVITA_Gravita India Ltd_BRSR.xml,758.126953125
Indian Metals & Ferro Alloys Ltd.,IMFA,Mining & Minerals,3513.0033365345,https://nsearchives.nseindia.com/corporate/xbrl/BRSR_1478270_07072025060758_WEB.xml,07-Jul-2025,True,data\brsr_xbrl\IMFA_Indian Metals  Ferro Alloys Lt_BRSR.xml,677.7177734375
Lloyds Enterprises Ltd.,LLOYDSENT,Mining & Minerals,0.0,https://nsearchives.nseindia.com/corporate/xbrl/BRSR_1502847_05082025050024_WEB.xml,05-Aug-2025,True,data\brsr_xbrl\LLOYDSENT_Lloyds Enterprises Ltd_BRSR.xml,593.7529296875
Pidilite Industries Ltd.,PIDILITIND,Chemicals & Fertilizers,146204.9756783405,https://nsearchives.nseindia.com/corporate/xbrl/BRSR_1480946_11072025042536_WEB.xml,11-Jul-2025,True,data\brsr_xbrl\PIDILITIND_Pidilite Industries Ltd_BRSR.xml,862.5068359375
Solar Industries India Ltd.,SOLARINDS,Chemicals & Fertilizers,73755.542429169,https://nsearchives.nseindia.com/corporate/xbrl/BRSR_1473867_27062025095923_WEB.xml,27-Jun-2025,True,data\brsr_xbrl\SOLARINDS_Solar Industries India Ltd_BRSR.xml,782.7197265625
SRF Ltd.,SRF,Chemicals & Fertilizers,71289.831696779,https://nsearchives.nseindia.com/corporate/xbrl/BRSR_1467807_18062025092444_WEB.xml,18-Jun-2025,True,data\brsr_xbrl\SRF_SRF Ltd_BRSR.xml,738.009765625
Linde India Ltd.,LINDEINDIA,Chemicals & Fertilizers,59459.198419865,https://nsearchives.nseindia.com/corporate/xbrl/BRSR_1509840_12082025054336_WEB.xml,12-Aug-2025,True,data\brsr_xbrl\LINDEINDIA_Linde India Ltd_BRSR.xml,768.361328125
PI Industries Ltd.,PIIND,Chemicals & Fertilizers,54823.477577136495,https://nsearchives.nseindia.com/corporate/xbrl/BRSR_1489695_21072025075954_WEB.xml,21-Jul-2025,True,data\brsr_xbrl\PIIND_PI Industries Ltd_BRSR.xml,860.4228515625
UPL Ltd.,UPL,Chemicals & Fertilizers,38700.190577629,https://nsearchives.nseindia.com/corporate/xbrl/BRSR_1476927_03072025055507_WEB.xml,03-Jul-2025,True,data\brsr_xbrl\UPL_UPL Ltd_BRSR.xml,793.1552734375
Gujarat Fluorochemicals Ltd.,FLUOROCHEM,Chemicals & Fertilizers,37426.891031504,https://nsearchives.nseindia.com/corporate/xbrl/BRSR_1523042_04092025064051_WEB.xml,04-Sep-2025,True,data\brsr_xbrl\FLUOROCHEM_Gujarat Fluorochemicals Ltd_BRSR.xml,802.029296875
Coromandel International Ltd.,COROMANDEL,Chemicals & Fertilizers,35301.956243875,https://nsearchives.nseindia.com/corporate/xbrl/BRSR_1476674_02072025104057_WEB.xml,02-Jul-2025,True,data\brsr_xbrl\COROMANDEL_Coromandel International Ltd_BRSR.xml,839.712890625
Deepak Nitrite Ltd.,DEEPAKNTR,Chemicals & Fertilizers,31631.0404687745,https://nsearchives.nseindia.com/corporate/xbrl/BRSR_1491834_23072025100242_WEB.xml,23-Jul-2025,True,data\brsr_xbrl\DEEPAKNTR_Deepak Nitrite Ltd_BRSR.xml,809.498046875
Tata Chemicals Ltd.,TATACHEM,Chemicals & Fertilizers,27257.52139647,https://nsearchives.nseindia.com/corporate/xbrl/BRSR_1470102_24062025123403_WEB.xml,24-Jun-2025,True,data\brsr_xbrl\TATACHEM_Tata Chemicals Ltd_BRSR.xml,953.2001953125
Aarti Industries Ltd.,AARTIIND,Chemicals & Fertilizers,24148.151656029,https://nsearchives.nseindia.com/corporate/xbrl/BRSR_1499783_31072025104656_WEB.xml,31-Jul-2025,True,data\brsr_xbrl\AARTIIND_Aarti Industries Ltd_BRSR.xml,772.818359375
Sumitomo Chemical India Ltd.,SUMICHEM,Chemicals & Fertilizers,20250.540754667494,https://nsearchives.nseindia.com/corporate/xbrl/BRSR_1478782_08072025050404_WEB.xml,08-Jul-2025,True,data\brsr_xbrl\SUMICHEM_Sumitomo Chemical India Ltd_BRSR.xml,696.93359375
Atul Ltd.,ATUL,Chemicals & Fertilizers,18213.308218279,https://nsearchives.nseindia.com/corporate/xbrl/BRSR_1481445_12072025113307_WEB.xml,12-Jul-2025,True,data\brsr_xbrl\ATUL_Atul Ltd_BRSR.xml,844.24609375
Vinati Organics Ltd.,VINATIORGA,Chemicals & Fertilizers,17276.5703040285,https://nsearchives.nseindia.com/corporate/xbrl/BRSR_1521178_02092025114056_WEB.xml,02-Sep-2025,True,data\brsr_xbrl\VINATIORGA_Vinati Organics Ltd_BRSR.xml,645.859375
Navin Fluorine International Ltd.,NAVINFLUOR,Chemicals & Fertilizers,16376.796182397,https://nsearchives.nseindia.com/corporate/xbrl/BRSR_1479744_09072025110841_WEB.xml,09-Jul-2025,True,data\brsr_xbrl\NAVINFLUOR_Navin Fluorine International L_BRSR.xml,802.04296875
Himadri Speciality Chemical Ltd.,HSCL,Chemicals & Fertilizers,16354.26207228,https://nsearchives.nseindia.com/corporate/xbrl/BRSR_1444402_20052025053743_WEB.xml,20-May-2025,True,data\brsr_xbrl\HSCL_Himadri Speciality Chemical Lt_BRSR.xml,777.3046875
BASF India Ltd.,BASF,Chemicals & Fertilizers,16035.4119488705,https://nsearchives.nseindia.com/corporate/xbrl/BRSR_1481950_14072025015831_WEB.xml,14-Jul-2025,True,data\brsr_xbrl\BASF_BASF India Ltd_BRSR.xml,735.6728515625
Chambal Fertilizers & Chemicals Ltd.,CHAMBLFERT,Chemicals & Fertilizers,15827.214478971498,https://nsearchives.nseindia.com/corporate/xbrl/BRSR_1500873_02082025122656_WEB.xml,02-Aug-2025,True,data\brsr_xbrl\CHAMBLFERT_Chambal Fertilizers  Chemicals_BRSR.xml,777.640625
Clean Science and Technology Ltd.,CLEAN,Chemicals & Fertilizers,14706.6505548965,https://nsearchives.nseindia.com/corporate/xbrl/BRSR_1509956_12082025061220_WEB.xml,12-Aug-2025,True,data\brsr_xbrl\CLEAN_Clean Science and Technology L_BRSR.xml,695.927734375
Fine Organic Industries Ltd.,FINEORG,Chemicals & Fertilizers,13612.4559057555,https://nsearchives.nseindia.com/corporate/xbrl/BRSR_1494047_25072025081045_WEB.xml,25-Jul-2025,True,data\brsr_xbrl\FINEORG_Fine Organic Industries Ltd_BRSR.xml,691.138671875
Aether Industries Ltd.,AETHER,Chemicals & Fertilizers,11201.614328688,https://nsearchives.nseindia.com/corporate/xbrl/BRSR_1515870_21082025064341_WEB.xml,21-Aug-2025,True,data\brsr_xbrl\AETHER_Aether Industries Ltd_BRSR.xml,729.322265625
Alkyl Amines Chemicals Ltd.,ALKYLAMINE,Chemicals & Fertilizers,10888.1271424045,https://nsearchives.nseindia.com/corporate/xbrl/BRSR_1468076_18062025051714_WEB.xml,18-Jun-2025,True,data\brsr_xbrl\ALKYLAMINE_Alkyl Amines Chemicals Ltd_BRSR.xml,680.4052734375
PCBL Chemical Ltd.,PCBL,Chemicals & Fertilizers,10304.7341205295,https://nsearchives.nseindia.com/corporate/xbrl/BRSR_1507514_08082025081012_WEB.xml,08-Aug-2025,True,data\brsr_xbrl\PCBL_PCBL Chemical Ltd_BRSR.xml,823.556640625
Gujarat Narmada Valley Fertilizers and Chemicals Ltd.,GNFC,Chemicals & Fertilizers,10148.2265753165,https://nsearchives.nseindia.com/corporate/xbrl/BRSR_1511321_13082025044438_WEB.xml,13-Aug-2025,True,data\brsr_xbrl\GNFC_Gujarat Narmada Valley Fertili_BRSR.xml,761.099609375
Gujarat State Fertilizers & Chemicals Ltd.,GSFC,Chemicals & Fertilizers,9566.4452305185,https://nsearchives.nseindia.com/corporate/xbrl/BRSR_1520844_01092025060618_WEB.xml,01-Sep-2025,True,data\brsr_xbrl\GSFC_Gujarat State Fertilizers  Che_BRSR.xml,720.8046875
Anupam Rasayan India Ltd.,ANURAS,Chemicals & Fertilizers,9541.5771228885,https://nsearchives.nseindia.com/corporate/xbrl/BRSR_1522784_04092025032946_WEB.xml,04-Sep-2025,True,data\brsr_xbrl\ANURAS_Anupam Rasayan India Ltd_BRSR.xml,780.8798828125
Archean Chemical Industries Ltd.,ACI,Chemicals & Fertilizers,8032.406702804,https://nsearchives.nseindia.com/corporate/xbrl/BRSR_1435946_12052025122005_WEB.xml,12-May-2025,True,data\brsr_xbrl\ACI_Archean Chemical Industries Lt_BRSR.xml,668.6357421875
Jubilant Ingrevia Ltd.,JUBLINGREA,Chemicals & Fertilizers,7852.810650229,https://nsearchives.nseindia.com/corporate/xbrl/BRSR_1503509_05082025101449_WEB.xml,05-Aug-2025,True,data\brsr_xbrl\JUBLINGREA_Jubilant Ingrevia Ltd_BRSR.xml,861.865234375
Balaji Amines Ltd.,BALAMINES,Chemicals & Fertilizers,7308.9310802845,https://nsearchives.nseindia.com/corporate/xbrl/BRSR_1484731_16072025071354_WEB.xml,16-Jul-2025,True,data\brsr_xbrl\BALAMINES_Balaji Amines Ltd_BRSR.xml,706.6025390625
Laxmi Organic Industries Ltd.,LXCHEM,Chemicals & Fertilizers,7025.766155986001,https://nsearchives.nseindia.com/corporate/xbrl/BRSR_1479739_09072025105447_WEB.xml,09-Jul-2025,True,data\brsr_xbrl\LXCHEM_Laxmi Organic Industries Ltd_BRSR.xml,691.564453125
Paradeep Phosphates Ltd.,PARADEEP,Chemicals & Fertilizers,6027.798661798501,https://nsearchives.nseindia.com/corporate/xbrl/BRSR_1515217_20082025044027_WEB.xml,20-Aug-2025,True,data\brsr_xbrl\PARADEEP_Paradeep Phosphates Ltd_BRSR.xml,679.0166015625
Rain Industries Ltd,RAIN,Chemicals & Fertilizers,5704.90277416,https://nsearchives.nseindia.com/corporate/xbrl/BRSR_1410850_09042025031420_WEB.xml,09-Apr-2025,True,data\brsr_xbrl\RAIN_Rain Industries Ltd_BRSR.xml,785.82421875
Dhanuka Agritech Ltd.,DHANUKA,Chemicals & Fertilizers,5662.8176688275,https://nsearchives.nseindia.com/corporate/xbrl/BRSR_1477766_05072025043853_WEB.xml,05-Jul-2025,True,data\brsr_xbrl\DHANUKA_Dhanuka Agritech Ltd_BRSR.xml,709.798828125
Rallis India Ltd.,RALLIS,Chemicals & Fertilizers,5217.134149322001,https://nsearchives.nseindia.com/corporate/xbrl/BRSR_1513886_14082025115737_WEB.xml,14-Aug-2025,True,data\brsr_xbrl\RALLIS_Rallis India Ltd_BRSR.xml,780.6162109375
National Fertilizers Ltd.,NFL,Chemicals & Fertilizers,5156.174954566,https://nsearchives.nseindia.com/corporate/xbrl/BRSR_1521258_02092025014541_WEB.xml,02-Sep-2025,True,data\brsr_xbrl\NFL_National Fertilizers Ltd_BRSR.xml,668.4560546875
GHCL Ltd.,GHCL,Chemicals & Fertilizers,4991.5457508035,https://nsearchives.nseindia.com/corporate/xbrl/BRSR_1471416_25062025110132_WEB.xml,25-Jun-2025,True,data\brsr_xbrl\GHCL_GHCL Ltd_BRSR.xml,777.3359375
Epigral Ltd.,EPIGRAL,Chemicals & Fertilizers,4912.965656209,https://nsearchives.nseindia.com/corporate/xbrl/BRSR_1466874_16062025121401_WEB.xml,16-Jun-2025,True,data\brsr_xbrl\EPIGRAL_Epigral Ltd_BRSR.xml,712.1376953125
Privi Speciality Chemicals Ltd.,PRIVISCL,Chemicals & Fertilizers,4578.917368027,https://nsearchives.nseindia.com/corporate/xbrl/BRSR_1477841_05072025082134_WEB.xml,05-Jul-2025,True,data\brsr_xbrl\PRIVISCL_Privi Speciality Chemicals Ltd_BRSR.xml,711.0869140625
Sudarshan Chemical Industries Ltd.,SUDARSCHEM,Chemicals & Fertilizers,4531.2009560975,https://nsearchives.nseindia.com/corporate/xbrl/BRSR_1523951_05092025082509_WEB.xml,05-Sep-2025,True,data\brsr_xbrl\SUDARSCHEM_Sudarshan Chemical Industries _BRSR.xml,925.0205078125
NEOGEN CHEMICALS LTD.,NEOGEN,Chemicals & Fertilizers,3747.7980756035,https://nsearchives.nseindia.com/corporate/xbrl/BRSR_1522478_03092025080033_WEB.xml,03-Sep-2025,True,data\brsr_xbrl\NEOGEN_NEOGEN CHEMICALS LTD_BRSR.xml,679.455078125
Sharda Cropchem Ltd.,SHARDACROP,Chemicals & Fertilizers,3501.924916714,https://nsearchives.nseindia.com/corporate/xbrl/BRSR_1481864_14072025122634_WEB.xml,14-Jul-2025,True,data\brsr_xbrl\SHARDACROP_Sharda Cropchem Ltd_BRSR.xml,670.421875
Styrenix Performance Materials Ltd.,STYRENIX,Chemicals & Fertilizers,2846.6810407775,https://nsearchives.nseindia.com/corporate/xbrl/BRSR_1506299_07082025115345_WEB.xml,07-Aug-2025,True,data\brsr_xbrl\STYRENIX_Styrenix Performance Materials_BRSR.xml,718.1015625
Refex Industries Ltd.,REFEX,Chemicals & Fertilizers,1561.0666571275,https://nsearchives.nseindia.com/corporate/xbrl/BRSR_1471635_26062025125819_WEB.xml,26-Jun-2025,True,data\brsr_xbrl\REFEX_Refex Industries Ltd_BRSR.xml,753.3505859375
Swan Corp Ltd.,SWANCORP,Chemicals & Fertilizers,0.0,https://nsearchives.nseindia.com/corporate/xbrl/BRSR_1524406_06092025055748_WEB.xml,06-Sep-2025,True,data\brsr_xbrl\SWANCORP_Swan Corp Ltd_BRSR.xml,699.58203125
Page Industries Ltd.,PAGEIND,Textiles & Apparel,40586.1232787305,https://nsearchives.nseindia.com/corporate/xbrl/BRSR_1505486_07082025055131_WEB.xml,07-Aug-2025,True,data\brsr_xbrl\PAGEIND_Page Industries Ltd_BRSR.xml,863.6435546875
K.P.R. Mill Ltd.,KPRMILL,Textiles & Apparel,27480.400232805,https://nsearchives.nseindia.com/corporate/xbrl/BRSR_1475479_01072025115120_WEB.xml,01-Jul-2025,True,data\brsr_xbrl\KPRMILL_KPR Mill Ltd_BRSR.xml,670.177734375
Trident Ltd.,TRIDENT,Textiles & Apparel,20731.647450326494,https://nsearchives.nseindia.com/corporate/xbrl/BRSR_1500333_01082025052643_WEB.xml,01-Aug-2025,True,data\brsr_xbrl\TRIDENT_Trident Ltd_BRSR.xml,658.130859375
Welspun Living Ltd.,WELSPUNLIV,Textiles & Apparel,14385.6999844565,https://nsearchives.nseindia.com/corporate/xbrl/BRSR_1513295_14082025062923_WEB.xml,14-Aug-2025,True,data\brsr_xbrl\WELSPUNLIV_Welspun Living Ltd_BRSR.xml,840.5380859375
Alok Industries Ltd.,ALOKINDS,Textiles & Apparel,14151.788720393,https://nsearchives.nseindia.com/corporate/xbrl/BRSR_1504877_07082025015349_WEB.xml,07-Aug-2025,True,data\brsr_xbrl\ALOKINDS_Alok Industries Ltd_BRSR.xml,647.572265625
Vardhman Textiles Ltd.,VTL,Textiles & Apparel,12682.9698182195,https://nsearchives.nseindia.com/corporate/xbrl/BRSR_1521678_02092025064822_WEB.xml,02-Sep-2025,True,data\brsr_xbrl\VTL_Vardhman Textiles Ltd_BRSR.xml,762.8076171875
Arvind Ltd.,ARVIND,Textiles & Apparel,8208.386070596,https://nsearchives.nseindia.com/corporate/xbrl/BRSR_1484627_16072025062616_WEB.xml,16-Jul-2025,True,data\brsr_xbrl\ARVIND_Arvind Ltd_BRSR.xml,777.4990234375
Garware Technical Fibres Ltd.,GARFIBRES,Textiles & Apparel,7062.959900509501,https://nsearchives.nseindia.com/corporate/xbrl/BRSR_1508189_11082025022434_WEB.xml,11-Aug-2025,True,data\brsr_xbrl\GARFIBRES_Garware Technical Fibres Ltd_BRSR.xml,690.2666015625
Jindal Worldwide Ltd.,JINDWORLD,Textiles & Apparel,6768.113176049001,https://nsearchives.nseindia.com/corporate/xbrl/BRSR_1516745_23082025061725_WEB.xml,23-Aug-2025,True,data\brsr_xbrl\JINDWORLD_Jindal Worldwide Ltd_BRSR.xml,627.09375
Indo Count Industries Ltd.,ICIL,Textiles & Apparel,6643.270644432,https://nsearchives.nseindia.com/corporate/xbrl/BRSR_1497093_29072025074337_WEB.xml,29-Jul-2025,True,data\brsr_xbrl\ICIL_Indo Count Industries Ltd_BRSR.xml,687.2724609375
Gokaldas Exports Ltd.,GOKEX,Textiles & Apparel,5391.6106072505,https://nsearchives.nseindia.com/corporate/xbrl/BRSR_1516810_24082025083756_WEB.xml,24-Aug-2025,True,data\brsr_xbrl\GOKEX_Gokaldas Exports Ltd_BRSR.xml,678.6591796875
Lux Industries Ltd.,LUXIND,Textiles & Apparel,3919.556303784,https://nsearchives.nseindia.com/corporate/xbrl/BRSR_1520461_31082025104703_WEB.xml,31-Aug-2025,True,data\brsr_xbrl\LUXIND_Lux Industries Ltd_BRSR.xml,669.1376953125
Pearl Global Industries Ltd.,PGIL,Textiles & Apparel,2695.9542674040003,https://nsearchives.nseindia.com/corporate/xbrl/BRSR_1475242_30062025083607_WEB.xml,30-Jun-2025,True,data\brsr_xbrl\PGIL_Pearl Global Industries Ltd_BRSR.xml,727.3408203125
Ganesha Ecosphere Ltd.,GANECOS,Textiles & Apparel,2615.255402886,https://nsearchives.nseindia.com/corporate/xbrl/BRSR_1522591_03092025115121_WEB.xml,03-Sep-2025,True,data\brsr_xbrl\GANECOS_Ganesha Ecosphere Ltd_BRSR.xml,624.3056640625
Kitex Garments Ltd.,KITEX,Textiles & Apparel,1453.7233536585,https://nsearchives.nseindia.com/corporate/xbrl/BRSR_1517969_26082025073724_WEB.xml,26-Aug-2025,True,data\brsr_xbrl\KITEX_Kitex Garments Ltd_BRSR.xml,611.841796875
Raymond Lifestyle Ltd.,RAYMONDLSL,Textiles & Apparel,0.0,https://nsearchives.nseindia.com/corporate/xbrl/BRSR_1481728_13072025112002_WEB.xml,13-Jul-2025,True,data\brsr_xbrl\RAYMONDLSL_Raymond Lifestyle Ltd_BRSR.xml,715.1611328125
NTPC Ltd.,NTPC,Power Generation,332600.9008917805,https://nsearchives.nseindia.com/corporate/xbrl/BRSR_1505695_07082025063546_WEB.xml,07-Aug-2025,True,data\brsr_xbrl\NTPC_NTPC Ltd_BRSR.xml,854.484375
Power Grid Corporation of India Ltd.,POWERGRID,Power Generation,265104.404097148,https://nsearchives.nseindia.com/corporate/xbrl/BRSR_1501353_03082025081853_WEB.xml,03-Aug-2025,True,data\brsr_xbrl\POWERGRID_Power Grid Corporation of Indi_BRSR.xml,944.7685546875
Adani Power Ltd.,ADANIPOWER,Power Generation,233359.540641503,https://nsearchives.nseindia.com/corporate/xbrl/BRSR_1467091_16062025045831_WEB.xml,16-Jun-2025,True,data\brsr_xbrl\ADANIPOWER_Adani Power Ltd_BRSR.xml,866.2333984375
Adani Energy Solutions Ltd.,ADANIENSOL,Power Generation,118282.837548594,https://nsearchives.nseindia.com/corporate/xbrl/BRSR_1478968_08072025072115_WEB.xml,08-Jul-2025,True,data\brsr_xbrl\ADANIENSOL_Adani Energy Solutions Ltd_BRSR.xml,1174.712890625
JSW Energy Ltd.,JSWENERGY,Power Generation,93268.410586064,https://nsearchives.nseindia.com/corporate/xbrl/BRSR_1468340_19062025113100_WEB.xml,19-Jun-2025,True,data\brsr_xbrl\JSWENERGY_JSW Energy Ltd_BRSR.xml,1074.751953125
NHPC Ltd.,NHPC,Power Generation,91551.29527503248,https://nsearchives.nseindia.com/corporate/xbrl/BRSR_1507555_08082025082208_WEB.xml,08-Aug-2025,True,data\brsr_xbrl\NHPC_NHPC Ltd_BRSR.xml,1118.484375
Torrent Power Ltd.,TORNTPOWER,Power Generation,62106.4560709805,https://nsearchives.nseindia.com/corporate/xbrl/BRSR_1480458_10072025072849_WEB.xml,10-Jul-2025,True,data\brsr_xbrl\TORNTPOWER_Torrent Power Ltd_BRSR.xml,856.6513671875
SJVN Ltd.,SJVN,Power Generation,49000.413431018,https://nsearchives.nseindia.com/corporate/xbrl/BRSR_1520838_01092025060307_WEB.xml,01-Sep-2025,True,data\brsr_xbrl\SJVN_SJVN Ltd_BRSR.xml,861.5576171875
NLC India Ltd.,NLCINDIA,Power Generation,32265.7278029295,https://nsearchives.nseindia.com/corporate/xbrl/BRSR_1523314_05092025120504_WEB.xml,05-Sep-2025,True,data\brsr_xbrl\NLCINDIA_NLC India Ltd_BRSR.xml,890.2705078125
CESC Ltd.,CESC,Power Generation,18258.303672297,https://nsearchives.nseindia.com/corporate/xbrl/BRSR_1514108_18082025104410_WEB.xml,18-Aug-2025,True,data\brsr_xbrl\CESC_CESC Ltd_BRSR.xml,780.015625
Jaiprakash Power Ventures Ltd.,JPPOWER,Power Generation,12493.599296134,https://nsearchives.nseindia.com/corporate/xbrl/BRSR_1466516_13062025061506_WEB.xml,13-Jun-2025,True,data\brsr_xbrl\JPPOWER_Jaiprakash Power Ventures Ltd_BRSR.xml,687.271484375
Reliance Power Ltd.,RPOWER,Power Generation,10537.018571491,https://nsearchives.nseindia.com/corporate/xbrl/BRSR_1484896_17072025023511_WEB.xml,17-Jul-2025,True,data\brsr_xbrl\RPOWER_Reliance Power Ltd_BRSR.xml,678.4755859375
KPI Green Energy Ltd.,KPIGREEN,Power Generation,9548.0767050515,https://nsearchives.nseindia.com/corporate/xbrl/BRSR_1523228_04092025092651_WEB.xml,04-Sep-2025,True,data\brsr_xbrl\KPIGREEN_KPI Green Energy Ltd_BRSR.xml,619.701171875
Reliance Infrastructure Ltd.,RELINFRA,Power Generation,8396.0816531695,https://nsearchives.nseindia.com/corporate/xbrl/BRSR_1484894_17072025015219_WEB.xml,17-Jul-2025,True,data\brsr_xbrl\RELINFRA_Reliance Infrastructure Ltd_BRSR.xml,762.609375
Nava Ltd.,NAVA,Power Generation,7806.6043980225,https://nsearchives.nseindia.com/corporate/xbrl/BRSR_1489613_21072025073102_WEB.xml,21-Jul-2025,True,data\brsr_xbrl\NAVA_Nava Ltd_BRSR.xml,741.86328125
RattanIndia Power Ltd.,RTNPOWER,Power Generation,6272.259303006,https://nsearchives.nseindia.com/corporate/xbrl/BRSR_1523242_04092025100306_WEB.xml,04-Sep-2025,True,data\brsr_xbrl\RTNPOWER_RattanIndia Power Ltd_BRSR.xml,638.1484375
PTC India Ltd.,PTC,Power Generation,6141.641114607501,https://nsearchives.nseindia.com/corporate/xbrl/BRSR_1482393_14072025060729_WEB.xml,14-Jul-2025,True,data\brsr_xbrl\PTC_PTC India Ltd_BRSR.xml,654.0185546875
Inox Green Energy Services Ltd.,INOXGREEN,Power Generation,3948.1768209755,https://nsearchives.nseindia.com/corporate/xbrl/BRSR_1523219_04092025090139_WEB.xml,04-Sep-2025,True,data\brsr_xbrl\INOXGREEN_Inox Green Energy Services Ltd_BRSR.xml,620.2197265625
GMR Power and Urban Infra Ltd.,GMRP&UI,Power Generation,3565.4986066215,https://nsearchives.nseindia.com/corporate/xbrl/BRSR_1523914_05092025074450_WEB.xml,05-Sep-2025,True,data\brsr_xbrl\GMRP&UI_GMR Power and Urban Infra Ltd_BRSR.xml,857.0048828125
NTPC Green Energy Ltd.,NTPCGREEN,Power Generation,0.0,https://nsearchives.nseindia.com/corporate/xbrl/BRSR_1503186_05082025064831_WEB.xml,05-Aug-2025,True,data\brsr_xbrl\NTPCGREEN_NTPC Green Energy Ltd_BRSR.xml,711.4560546875
Reliance Industries Ltd.,RELIANCE,Oil & Gas,1947848.37102945,https://nsearchives.nseindia.com/corporate/xbrl/BRSR_1504867_07082025013302_WEB.xml,07-Aug-2025,True,data\brsr_xbrl\RELIANCE_Reliance Industries Ltd_BRSR.xml,1457.75
Oil & Natural Gas Corporation Ltd.,ONGC,Oil & Gas,331117.6047195915,https://nsearchives.nseindia.com/corporate/xbrl/BRSR_1506200_07082025091615_WEB.xml,07-Aug-2025,True,data\brsr_xbrl\ONGC_Oil  Natural Gas Corporation L_BRSR.xml,1015.9873046875
Coal India Ltd.,COALINDIA,Oil & Gas,273683.4922373909,https://nsearchives.nseindia.com/corporate/xbrl/BRSR_1501398_04082025110417_WEB.xml,04-Aug-2025,True,data\brsr_xbrl\COALINDIA_Coal India Ltd_BRSR.xml,967.3017578125
Indian Oil Corporation Ltd.,IOC,Oil & Gas,231478.4176392645,https://nsearchives.nseindia.com/corporate/xbrl/BRSR_1505202_07082025043616_WEB.xml,07-Aug-2025,True,data\brsr_xbrl\IOC_Indian Oil Corporation Ltd_BRSR.xml,976.7822265625
Bharat Petroleum Corporation Ltd.,BPCL,Oil & Gas,127082.6755689765,https://nsearchives.nseindia.com/corporate/xbrl/BRSR_1499668_31072025084837_WEB.xml,31-Jul-2025,True,data\brsr_xbrl\BPCL_Bharat Petroleum Corporation L_BRSR.xml,988.2724609375
GAIL (India) Ltd.,GAIL,Oil & Gas,124430.80664644449,https://nsearchives.nseindia.com/corporate/xbrl/BRSR_1505319_07082025051651_WEB.xml,07-Aug-2025,True,data\brsr_xbrl\GAIL_GAIL India Ltd_BRSR.xml,957.73828125
Adani Total Gas Ltd.,ATGL,Oil & Gas,107112.8660521495,https://nsearchives.nseindia.com/corporate/xbrl/BRSR_1469453_22062025052307_WEB.xml,22-Jun-2025,True,data\brsr_xbrl\ATGL_Adani Total Gas Ltd_BRSR.xml,724.34375
Hindustan Petroleum Corporation Ltd.,HINDPETRO,Oil & Gas,70340.0768072085,https://nsearchives.nseindia.com/corporate/xbrl/BRSR_1495835_28072025091204_WEB.xml,28-Jul-2025,True,data\brsr_xbrl\HINDPETRO_Hindustan Petroleum Corporatio_BRSR.xml,990.583984375
Oil India Ltd.,OIL,Oil & Gas,61802.0006958815,https://nsearchives.nseindia.com/corporate/xbrl/BRSR_1517800_26082025053527_WEB.xml,26-Aug-2025,True,data\brsr_xbrl\OIL_Oil India Ltd_BRSR.xml,803.8486328125
Petronet LNG Ltd.,PETRONET,Oil & Gas,42441.4341716735,https://nsearchives.nseindia.com/corporate/xbrl/BRSR_1519852_30082025110902_WEB.xml,30-Aug-2025,True,data\brsr_xbrl\PETRONET_Petronet LNG Ltd_BRSR.xml,800.7958984375
Gujarat Gas Ltd.,GUJGASLTD,Oil & Gas,38506.4351874925,https://nsearchives.nseindia.com/corporate/xbrl/BRSR_1520412_31082025112849_WEB.xml,31-Aug-2025,True,data\brsr_xbrl\GUJGASLTD_Gujarat Gas Ltd_BRSR.xml,923.015625
Indraprastha Gas Ltd.,IGL,Oil & Gas,31072.180356097502,https://nsearchives.nseindia.com/corporate/xbrl/BRSR_1556193_24102025025946_WEB.xml,24-Oct-2025,True,data\brsr_xbrl\IGL_Indraprastha Gas Ltd_BRSR.xml,814.025390625
Castrol India Ltd.,CASTROLIND,Oil & Gas,19543.4234276775,https://nsearchives.nseindia.com/corporate/xbrl/BRSR_1389867_25022025075940_WEB.xml,25-Feb-2025,True,data\brsr_xbrl\CASTROLIND_Castrol India Ltd_BRSR.xml,761.5693359375
Gujarat State Petronet Ltd.,GSPL,Oil & Gas,18754.410955627,https://nsearchives.nseindia.com/corporate/xbrl/BRSR_1520219_30082025073936_WEB.xml,30-Aug-2025,True,data\brsr_xbrl\GSPL_Gujarat State Petronet Ltd_BRSR.xml,740.8740234375
Aegis Logistics Ltd.,AEGISLOG,Oil & Gas,18251.5071341465,https://nsearchives.nseindia.com/corporate/xbrl/BRSR_1489718_21072025080650_WEB.xml,21-Jul-2025,True,data\brsr_xbrl\AEGISLOG_Aegis Logistics Ltd_BRSR.xml,675.6083984375
Mahanagar Gas Ltd.,MGL,Oil & Gas,13688.1416730295,https://nsearchives.nseindia.com/corporate/xbrl/BRSR_1499779_31072025104219_WEB.xml,31-Jul-2025,True,data\brsr_xbrl\MGL_Mahanagar Gas Ltd_BRSR.xml,797.306640625
Chennai Petroleum Corporation Ltd.,CHENNPETRO,Oil & Gas,13449.967147512,https://nsearchives.nseindia.com/corporate/xbrl/BRSR_1500820_01082025112507_WEB.xml,01-Aug-2025,True,data\brsr_xbrl\CHENNPETRO_Chennai Petroleum Corporation _BRSR.xml,874.1474609375
Sandur Manganese & Iron Ores Ltd.,SANDUMA,Oil & Gas,7760.89320127,https://nsearchives.nseindia.com/corporate/xbrl/BRSR_1517745_26082025050701_WEB.xml,26-Aug-2025,True,data\brsr_xbrl\SANDUMA_Sandur Manganese  Iron Ores Lt_BRSR.xml,701.912109375
Gulf Oil Lubricants India Ltd.,GULFOILLUB,Oil & Gas,4594.38820297,https://nsearchives.nseindia.com/corporate/xbrl/BRSR_1523852_05092025070210_WEB.xml,05-Sep-2025,True,data\brsr_xbrl\GULFOILLUB_Gulf Oil Lubricants India Ltd_BRSR.xml,731.7138671875
Varun Beverages Ltd.,VBL,Agriculture & Food Processing,185148.43125901947,https://nsearchives.nseindia.com/corporate/xbrl/BRSR_1394994_11032025054427_WEB.xml,11-Mar-2025,True,data\brsr_xbrl\VBL_Varun Beverages Ltd_BRSR.xml,742.3291015625
Patanjali Foods Ltd.,PATANJALI,Agriculture & Food Processing,53991.7891896005,https://nsearchives.nseindia.com/corporate/xbrl/BRSR_1523075_04092025070357_WEB.xml,04-Sep-2025,True,data\brsr_xbrl\PATANJALI_Patanjali Foods Ltd_BRSR.xml,712.751953125
AWL Agri Business Ltd.,AWL,Agriculture & Food Processing,45448.9879817565,https://nsearchives.nseindia.com/corporate/xbrl/BRSR_1473522_27062025062129_WEB.xml,27-Jun-2025,True,data\brsr_xbrl\AWL_AWL Agri Business Ltd_BRSR.xml,717.796875
Bikaji Foods International Ltd.,BIKAJI,Agriculture & Food Processing,14056.738657262,https://nsearchives.nseindia.com/corporate/xbrl/BRSR_1516072_22082025011018_WEB.xml,22-Aug-2025,True,data\brsr_xbrl\BIKAJI_Bikaji Foods International Ltd_BRSR.xml,707.9013671875
Shree Renuka Sugars Ltd.,RENUKA,Agriculture & Food Processing,9590.9806452235,https://nsearchives.nseindia.com/corporate/xbrl/BRSR_1521056_01092025093438_WEB.xml,01-Sep-2025,True,data\brsr_xbrl\RENUKA_Shree Renuka Sugars Ltd_BRSR.xml,730.505859375
LT Foods Ltd.,LTFOODS,Agriculture & Food Processing,7152.3089588935,https://nsearchives.nseindia.com/corporate/xbrl/BRSR_1525072_08092025104938_WEB.xml,08-Sep-2025,True,data\brsr_xbrl\LTFOODS_LT Foods Ltd_BRSR.xml,732.376953125
Mrs. Bectors Food Specialities Ltd.,BECTORFOOD,Agriculture & Food Processing,6989.289038005,https://nsearchives.nseindia.com/corporate/xbrl/BRSR_1523471_05092025024735_WEB.xml,05-Sep-2025,True,data\brsr_xbrl\BECTORFOOD_Mrs Bectors Food Specialities _BRSR.xml,693.8251953125
Dodla Dairy Ltd.,DODLA,Agriculture & Food Processing,5546.687335918999,https://nsearchives.nseindia.com/corporate/xbrl/BRSR_1468913_20062025035232_WEB.xml,20-Jun-2025,True,data\brsr_xbrl\DODLA_Dodla Dairy Ltd_BRSR.xml,647.0048828125
Heritage Foods Ltd.,HERITGFOOD,Agriculture & Food Processing,3415.695364878,https://nsearchives.nseindia.com/corporate/xbrl/BRSR_1477180_04072025121656_WEB.xml,04-Jul-2025,True,data\brsr_xbrl\HERITGFOOD_Heritage Foods Ltd_BRSR.xml,662.2412109375
Maruti Suzuki India Ltd.,MARUTI,Automobiles & Auto Components,369377.1371020235,https://nsearchives.nseindia.com/corporate/xbrl/BRSR_1503469_05082025092147_WEB.xml,05-Aug-2025,True,data\brsr_xbrl\MARUTI_Maruti Suzuki India Ltd_BRSR.xml,855.29296875
Mahindra & Mahindra Ltd.,M&M,Automobiles & Auto Components,259332.67760608895,https://nsearchives.nseindia.com/corporate/xbrl/BRSR_1474151_28062025114611_WEB.xml,28-Jun-2025,True,data\brsr_xbrl\M&M_Mahindra  Mahindra Ltd_BRSR.xml,888.66015625
Bajaj Auto Ltd.,BAJAJ-AUTO,Automobiles & Auto Components,240622.20553986297,https://nsearchives.nseindia.com/corporate/xbrl/BRSR_1481704_12072025083759_WEB.xml,12-Jul-2025,True,data\brsr_xbrl\BAJAJ-AUTO_Bajaj Auto Ltd_BRSR.xml,752.4228515625
Eicher Motors Ltd.,EICHERMOT,Automobiles & Auto Components,115281.099219479,https://nsearchives.nseindia.com/corporate/xbrl/BRSR_1495655_28072025070458_WEB.xml,28-Jul-2025,True,data\brsr_xbrl\EICHERMOT_Eicher Motors Ltd_BRSR.xml,794.064453125
TVS Motor Company Ltd.,TVSMOTOR,Automobiles & Auto Components,101275.5698570445,https://nsearchives.nseindia.com/corporate/xbrl/BRSR_1494393_26072025025925_WEB.xml,26-Jul-2025,True,data\brsr_xbrl\TVSMOTOR_TVS Motor Company Ltd_BRSR.xml,874.1201171875
Hero MotoCorp Ltd.,HEROMOTOCO,Automobiles & Auto Components,94909.8344495865,https://nsearchives.nseindia.com/corporate/xbrl/BRSR_1481517_12072025022949_WEB.xml,12-Jul-2025,True,data\brsr_xbrl\HEROMOTOCO_Hero MotoCorp Ltd_BRSR.xml,759.7705078125
Samvardhana Motherson International Ltd.,MOTHERSON,Automobiles & Auto Components,86734.436512444,https://nsearchives.nseindia.com/corporate/xbrl/BRSR_1503581_06082025120641_WEB.xml,06-Aug-2025,True,data\brsr_xbrl\MOTHERSON_Samvardhana Motherson Internat_BRSR.xml,1277.0390625
Bosch Ltd.,BOSCHLTD,Automobiles & Auto Components,84325.0981525725,https://nsearchives.nseindia.com/corporate/xbrl/BRSR_1478652_08072025034730_WEB.xml,08-Jul-2025,True,data\brsr_xbrl\BOSCHLTD_Bosch Ltd_BRSR.xml,839.3662109375
Tube Investments of India Ltd.,TIINDIA,Automobiles & Auto Components,72746.3071165865,https://nsearchives.nseindia.com/corporate/xbrl/BRSR_1477627_04072025113120_WEB.xml,04-Jul-2025,True,data\brsr_xbrl\TIINDIA_Tube Investments of India Ltd_BRSR.xml,809.7060546875
Bharat Forge Ltd.,BHARATFORG,Automobiles & Auto Components,60884.525940669,https://nsearchives.nseindia.com/corporate/xbrl/BRSR_1482972_15072025024419_WEB.xml,15-Jul-2025,True,data\brsr_xbrl\BHARATFORG_Bharat Forge Ltd_BRSR.xml,813.4150390625
MRF Ltd.,MRF,Automobiles & Auto Components,57066.67723903,https://nsearchives.nseindia.com/corporate/xbrl/BRSR_1482303_14072025052856_WEB.xml,14-Jul-2025,True,data\brsr_xbrl\MRF_MRF Ltd_BRSR.xml,675.9345703125
Schaeffler India Ltd.,SCHAEFFLER,Automobiles & Auto Components,54732.2262442345,https://nsearchives.nseindia.com/corporate/xbrl/BRSR_1444134_20052025034939_WEB.xml,20-May-2025,True,data\brsr_xbrl\SCHAEFFLER_Schaeffler India Ltd_BRSR.xml,884.1982421875
Balkrishna Industries Ltd.,BALKRISIND,Automobiles & Auto Components,49904.936966996,https://nsearchives.nseindia.com/corporate/xbrl/BRSR_1477538_04072025072416_WEB.xml,04-Jul-2025,True,data\brsr_xbrl\BALKRISIND_Balkrishna Industries Ltd_BRSR.xml,846.1826171875
UNO Minda Ltd.,UNOMINDA,Automobiles & Auto Components,42818.118607665005,https://nsearchives.nseindia.com/corporate/xbrl/BRSR_1482036_14072025031956_WEB.xml,14-Jul-2025,True,data\brsr_xbrl\UNOMINDA_UNO Minda Ltd_BRSR.xml,850.62109375
Sona BLW Precision Forgings Ltd.,SONACOMS,Automobiles & Auto Components,37438.339359489,https://nsearchives.nseindia.com/corporate/xbrl/BRSR_1475602_01072025023205_WEB.xml,01-Jul-2025,True,data\brsr_xbrl\SONACOMS_Sona BLW Precision Forgings Lt_BRSR.xml,758.59375
Exide Industries Ltd.,EXIDEIND,Automobiles & Auto Components,33779.3770325205,https://nsearchives.nseindia.com/corporate/xbrl/BRSR_1476363_02072025034714_WEB.xml,02-Jul-2025,True,data\brsr_xbrl\EXIDEIND_Exide Industries Ltd_BRSR.xml,804.0517578125
Apollo Tyres Ltd.,APOLLOTYRE,Automobiles & Auto Components,31306.685858525503,https://nsearchives.nseindia.com/corporate/xbrl/BRSR_1478739_08072025043023_WEB.xml,08-Jul-2025,True,data\brsr_xbrl\APOLLOTYRE_Apollo Tyres Ltd_BRSR.xml,848.46875
Motherson Sumi Wiring India Ltd.,MSUMI,Automobiles & Auto Components,30099.8108401975,https://nsearchives.nseindia.com/corporate/xbrl/BRSR_1503539_05082025104538_WEB.xml,05-Aug-2025,True,data\brsr_xbrl\MSUMI_Motherson Sumi Wiring India Lt_BRSR.xml,792.78125
ZF Commercial Vehicle Control Systems India Ltd.,ZFCVINDIA,Automobiles & Auto Components,28768.7841992,https://nsearchives.nseindia.com/corporate/xbrl/BRSR_1497938_30072025045920_WEB.xml,30-Jul-2025,True,data\brsr_xbrl\ZFCVINDIA_ZF Commercial Vehicle Control _BRSR.xml,736.232421875
Endurance Technologies Ltd.,ENDURANCE,Automobiles & Auto Components,28618.87798393,https://nsearchives.nseindia.com/corporate/xbrl/BRSR_1486859_18072025054104_WEB.xml,18-Jul-2025,True,data\brsr_xbrl\ENDURANCE_Endurance Technologies Ltd_BRSR.xml,933.552734375
Sundram Fasteners Ltd.,SUNDRMFAST,Automobiles & Auto Components,24435.8435997205,https://nsearchives.nseindia.com/corporate/xbrl/BRSR_1472046_26062025044335_WEB.xml,26-Jun-2025,True,data\brsr_xbrl\SUNDRMFAST_Sundram Fasteners Ltd_BRSR.xml,698.1435546875
JBM Auto Ltd.,JBMA,Automobiles & Auto Components,22855.2778598365,https://nsearchives.nseindia.com/corporate/xbrl/BRSR_1509081_11082025101705_WEB.xml,11-Aug-2025,True,data\brsr_xbrl\JBMA_JBM Auto Ltd_BRSR.xml,715.57421875
CIE Automotive India Ltd.,CIEINDIA,Automobiles & Auto Components,18697.027522367,https://nsearchives.nseindia.com/corporate/xbrl/BRSR_1408367_04042025014547_WEB.xml,04-Apr-2025,True,data\brsr_xbrl\CIEINDIA_CIE Automotive India Ltd_BRSR.xml,803.265625
Amara Raja Energy & Mobility Ltd.,ARE&M,Automobiles & Auto Components,17575.8582869085,https://nsearchives.nseindia.com/corporate/xbrl/BRSR_1490677_22072025064514_WEB.xml,22-Jul-2025,True,data\brsr_xbrl\ARE&M_Amara Raja Energy  Mobility Lt_BRSR.xml,847.865234375
Olectra Greentech Ltd.,OLECTRA,Automobiles & Auto Components,14578.309484984,https://nsearchives.nseindia.com/corporate/xbrl/BRSR_1519619_29082025073735_WEB.xml,29-Aug-2025,True,data\brsr_xbrl\OLECTRA_Olectra Greentech Ltd_BRSR.xml,662.8623046875
Asahi India Glass Ltd.,ASAHIINDIA,Automobiles & Auto Components,13966.2691236015,https://nsearchives.nseindia.com/corporate/xbrl/BRSR_1515002_20082025123139_WEB.xml,20-Aug-2025,True,data\brsr_xbrl\ASAHIINDIA_Asahi India Glass Ltd_BRSR.xml,731.693359375
Ramkrishna Forgings Ltd.,RKFORGE,Automobiles & Auto Components,13297.569996402,https://nsearchives.nseindia.com/corporate/xbrl/BRSR_1518393_27082025064454_WEB.xml,27-Aug-2025,True,data\brsr_xbrl\RKFORGE_Ramkrishna Forgings Ltd_BRSR.xml,735.78515625
JK Tyre & Industries Ltd.,JKTYRE,Automobiles & Auto Components,11367.7233849135,https://nsearchives.nseindia.com/corporate/xbrl/BRSR_1482337_14072025054434_WEB.xml,14-Jul-2025,True,data\brsr_xbrl\JKTYRE_JK Tyre  Industries Ltd_BRSR.xml,824.9677734375
Ceat Ltd.,CEATLTD,Automobiles & Auto Components,10430.6203215545,https://nsearchives.nseindia.com/corporate/xbrl/BRSR_1497658_30072025030327_WEB.xml,30-Jul-2025,True,data\brsr_xbrl\CEATLTD_Ceat Ltd_BRSR.xml,826.3876953125
Minda Corporation Ltd.,MINDACORP,Automobiles & Auto Components,9970.524232198,https://nsearchives.nseindia.com/corporate/xbrl/BRSR_1498775_31072025121135_WEB.xml,31-Jul-2025,True,data\brsr_xbrl\MINDACORP_Minda Corporation Ltd_BRSR.xml,767.783203125
Force Motors Ltd.,FORCEMOT,Automobiles & Auto Components,9739.907028628,https://nsearchives.nseindia.com/corporate/xbrl/BRSR_1518236_26082025112827_WEB.xml,26-Aug-2025,True,data\brsr_xbrl\FORCEMOT_Force Motors Ltd_BRSR.xml,681.1904296875
Craftsman Automation Ltd.,CRAFTSMAN,Automobiles & Auto Components,9422.107583605,https://nsearchives.nseindia.com/corporate/xbrl/BRSR_1472437_26062025070435_WEB.xml,26-Jun-2025,True,data\brsr_xbrl\CRAFTSMAN_Craftsman Automation Ltd_BRSR.xml,688.4150390625
Varroc Engineering Ltd.,VARROC,Automobiles & Auto Components,8339.050172244,https://nsearchives.nseindia.com/corporate/xbrl/BRSR_1497338_30072025110900_WEB.xml,30-Jul-2025,True,data\brsr_xbrl\VARROC_Varroc Engineering Ltd_BRSR.xml,750.3349609375
Shriram Pistons & Rings Ltd.,SHRIPISTON,Automobiles & Auto Components,8063.0,https://nsearchives.nseindia.com/corporate/xbrl/BRSR_1478687_08072025040417_WEB.xml,08-Jul-2025,True,data\brsr_xbrl\SHRIPISTON_Shriram Pistons  Rings Ltd_BRSR.xml,701.40234375
ASK Automotive Ltd.,ASKAUTOLTD,Automobiles & Auto Components,5954.1088352315,https://nsearchives.nseindia.com/corporate/xbrl/BRSR_1478162_07072025043522_WEB.xml,07-Jul-2025,True,data\brsr_xbrl\ASKAUTOLTD_ASK Automotive Ltd_BRSR.xml,664.142578125
Sansera Engineering Ltd.,SANSERA,Automobiles & Auto Components,5596.7878325705005,https://nsearchives.nseindia.com/corporate/xbrl/BRSR_1522725_04092025020112_WEB.xml,04-Sep-2025,True,data\brsr_xbrl\SANSERA_Sansera Engineering Ltd_BRSR.xml,870.6533203125
Gabriel India Ltd.,GABRIEL,Automobiles & Auto Components,5340.6247947715,https://nsearchives.nseindia.com/corporate/xbrl/BRSR_1514075_16082025072657_WEB.xml,16-Aug-2025,True,data\brsr_xbrl\GABRIEL_Gabriel India Ltd_BRSR.xml,821.0703125
Pricol Ltd.,PRICOLLTD,Automobiles & Auto Components,5023.9851055785,https://nsearchives.nseindia.com/corporate/xbrl/BRSR_1482103_14072025035814_WEB.xml,14-Jul-2025,True,data\brsr_xbrl\PRICOLLTD_Pricol Ltd_BRSR.xml,664.0693359375
Jamna Auto Industries Ltd.,JAMNAAUTO,Automobiles & Auto Components,4960.0303104915,https://nsearchives.nseindia.com/corporate/xbrl/BRSR_1521032_01092025084456_WEB.xml,01-Sep-2025,True,data\brsr_xbrl\JAMNAAUTO_Jamna Auto Industries Ltd_BRSR.xml,659.693359375
Sharda Motor Industries Ltd.,SHARDAMOTR,Automobiles & Auto Components,4398.165881805,https://nsearchives.nseindia.com/corporate/xbrl/BRSR_1517170_25082025061855_WEB.xml,25-Aug-2025,True,data\brsr_xbrl\SHARDAMOTR_Sharda Motor Industries Ltd_BRSR.xml,638.7216796875
Lumax Auto Technologies Ltd.,LUMAXTECH,Automobiles & Auto Components,3117.632337387,https://nsearchives.nseindia.com/corporate/xbrl/BRSR_1500609_01082025070647_WEB.xml,01-Aug-2025,True,data\brsr_xbrl\LUMAXTECH_Lumax Auto Technologies Ltd_BRSR.xml,812.78125
Fiem Industries Ltd,FIEMIND,Automobiles & Auto Components,3090.7892930830003,https://nsearchives.nseindia.com/corporate/xbrl/BRSR_1478787_08072025050616_WEB.xml,08-Jul-2025,True,data\brsr_xbrl\FIEMIND_Fiem Industries Ltd_BRSR.xml,631.9404296875
Hyundai Motor India Ltd.,HYUNDAI,Automobiles & Auto Components,0.0,https://nsearchives.nseindia.com/corporate/xbrl/BRSR_1503883_06082025032031_WEB.xml,06-Aug-2025,True,data\brsr_xbrl\HYUNDAI_Hyundai Motor India Ltd_BRSR.xml,714.525390625
Ola Electric Mobility Ltd.,OLAELEC,Automobiles & Auto Components,0.0,https://nsearchives.nseindia.com/corporate/xbrl/BRSR_1499776_31072025103606_WEB.xml,31-Jul-2025,True,data\brsr_xbrl\OLAELEC_Ola Electric Mobility Ltd_BRSR.xml,634.775390625
Sun Pharmaceutical Industries Ltd.,SUNPHARMA,Pharmaceuticals,358830.1546076645,https://nsearchives.nseindia.com/corporate/xbrl/BRSR_1477541_04072025072529_WEB.xml,04-Jul-2025,True,data\brsr_xbrl\SUNPHARMA_Sun Pharmaceutical Industries _BRSR.xml,854.169921875
Cipla Ltd.,CIPLA,Pharmaceuticals,115378.97634712,https://nsearchives.nseindia.com/corporate/xbrl/BRSR_1468721_19062025092440_WEB.xml,19-Jun-2025,True,data\brsr_xbrl\CIPLA_Cipla Ltd_BRSR.xml,938.9619140625
Divi's Laboratories Ltd.,DIVISLAB,Pharmaceuticals,102932.954746914,https://nsearchives.nseindia.com/corporate/xbrl/BRSR_1482490_14072025065921_WEB.xml,14-Jul-2025,True,data\brsr_xbrl\DIVISLAB_Divis Laboratories Ltd_BRSR.xml,730.6083984375
Dr. Reddy's Laboratories Ltd.,DRREDDY,Pharmaceuticals,101145.5816865605,https://nsearchives.nseindia.com/corporate/xbrl/BRSR_1475030_30062025061833_WEB.xml,30-Jun-2025,True,data\brsr_xbrl\DRREDDY_Dr Reddys Laboratories Ltd_BRSR.xml,981.6962890625
Zydus Lifesciences Ltd.,ZYDUSLIFE,Pharmaceuticals,94276.304963462,https://nsearchives.nseindia.com/corporate/xbrl/BRSR_1484341_16072025043122_WEB.xml,16-Jul-2025,True,data\brsr_xbrl\ZYDUSLIFE_Zydus Lifesciences Ltd_BRSR.xml,866.205078125
Torrent Pharmaceuticals Ltd.,TORNTPHARM,Pharmaceuticals,88721.070050361,https://nsearchives.nseindia.com/corporate/xbrl/BRSR_1477480_04072025063440_WEB.xml,04-Jul-2025,True,data\brsr_xbrl\TORNTPHARM_Torrent Pharmaceuticals Ltd_BRSR.xml,875.6904296875
Apollo Hospitals Enterprise Ltd.,APOLLOHOSP,Pharmaceuticals,88420.4581011975,https://nsearchives.nseindia.com/corporate/xbrl/BRSR_1505848_07082025070808_WEB.xml,07-Aug-2025,True,data\brsr_xbrl\APOLLOHOSP_Apollo Hospitals Enterprise Lt_BRSR.xml,800.3740234375
Mankind Pharma Ltd.,MANKIND,Pharmaceuticals,87511.44485326699,https://nsearchives.nseindia.com/corporate/xbrl/BRSR_1483576_15072025070806_WEB.xml,15-Jul-2025,True,data\brsr_xbrl\MANKIND_Mankind Pharma Ltd_BRSR.xml,881.935546875
Max Healthcare Institute Ltd.,MAXHEALTH,Pharmaceuticals,78001.2712960385,https://nsearchives.nseindia.com/corporate/xbrl/BRSR_1477638_05072025101418_WEB.xml,05-Jul-2025,True,data\brsr_xbrl\MAXHEALTH_Max Healthcare Institute Ltd_BRSR.xml,869.15234375
Lupin Ltd.,LUPIN,Pharmaceuticals,71814.89639876201,https://nsearchives.nseindia.com/corporate/xbrl/BRSR_1488232_21072025103722_WEB.xml,21-Jul-2025,True,data\brsr_xbrl\LUPIN_Lupin Ltd_BRSR.xml,908.2421875
Aurobindo Pharma Ltd.,AUROPHARMA,Pharmaceuticals,65653.6028108465,https://nsearchives.nseindia.com/corporate/xbrl/BRSR_1512809_14082025034918_WEB.xml,14-Aug-2025,True,data\brsr_xbrl\AUROPHARMA_Aurobindo Pharma Ltd_BRSR.xml,917.4267578125
Alkem Laboratories Ltd.,ALKEM,Pharmaceuticals,60424.7879990855,https://nsearchives.nseindia.com/corporate/xbrl/BRSR_1489948_21072025112238_WEB.xml,21-Jul-2025,True,data\brsr_xbrl\ALKEM_Alkem Laboratories Ltd_BRSR.xml,822.0419921875
Glaxosmithkline Pharmaceuticals Ltd.,GLAXO,Pharmaceuticals,37373.793236538506,https://nsearchives.nseindia.com/corporate/xbrl/BRSR_1471100_25062025051800_WEB.xml,25-Jun-2025,True,data\brsr_xbrl\GLAXO_Glaxosmithkline Pharmaceutical_BRSR.xml,791.736328125
Biocon Ltd.,BIOCON,Pharmaceuticals,34713.613243902495,https://nsearchives.nseindia.com/corporate/xbrl/BRSR_1485318_17072025031916_WEB.xml,17-Jul-2025,True,data\brsr_xbrl\BIOCON_Biocon Ltd_BRSR.xml,830.6513671875
Global Health Ltd.,MEDANTA,Pharmaceuticals,34044.047579379505,https://nsearchives.nseindia.com/corporate/xbrl/BRSR_1517236_25082025070417_WEB.xml,25-Aug-2025,True,data\brsr_xbrl\MEDANTA_Global Health Ltd_BRSR.xml,740.9853515625
Fortis Healthcare Ltd.,FORTIS,Pharmaceuticals,33052.872856092,https://nsearchives.nseindia.com/corporate/xbrl/BRSR_1482494_14072025070048_WEB.xml,14-Jul-2025,True,data\brsr_xbrl\FORTIS_Fortis Healthcare Ltd_BRSR.xml,811.33984375
Ipca Laboratories Ltd.,IPCALAB,Pharmaceuticals,30639.616790555,https://nsearchives.nseindia.com/corporate/xbrl/BRSR_1480751_11072025022949_WEB.xml,11-Jul-2025,True,data\brsr_xbrl\IPCALAB_Ipca Laboratories Ltd_BRSR.xml,856.3330078125
Gland Pharma Ltd.,GLAND,Pharmaceuticals,30340.1426519445,https://nsearchives.nseindia.com/corporate/xbrl/BRSR_1499287_31072025053918_WEB.xml,31-Jul-2025,True,data\brsr_xbrl\GLAND_Gland Pharma Ltd_BRSR.xml,638.248046875
Syngene International Ltd.,SYNGENE,Pharmaceuticals,28408.150323812,https://nsearchives.nseindia.com/corporate/xbrl/BRSR_1474145_28062025102607_WEB.xml,28-Jun-2025,True,data\brsr_xbrl\SYNGENE_Syngene International Ltd_BRSR.xml,768.798828125
Glenmark Pharmaceuticals Ltd.,GLENMARK,Pharmaceuticals,28149.4093621355,https://nsearchives.nseindia.com/corporate/xbrl/BRSR_1519634_29082025074547_WEB.xml,29-Aug-2025,True,data\brsr_xbrl\GLENMARK_Glenmark Pharmaceuticals Ltd_BRSR.xml,862.1240234375
J.B. Chemicals & Pharmaceuticals Ltd.,JBCHEPHARM,Pharmaceuticals,26589.183422311,https://nsearchives.nseindia.com/corporate/xbrl/BRSR_1481311_11072025075129_WEB.xml,11-Jul-2025,True,data\brsr_xbrl\JBCHEPHARM_JB Chemicals  Pharmaceuticals _BRSR.xml,806.373046875
Narayana Hrudayalaya Ltd.,NH,Pharmaceuticals,25914.852958014,https://nsearchives.nseindia.com/corporate/xbrl/BRSR_1506433_08082025010835_WEB.xml,08-Aug-2025,True,data\brsr_xbrl\NH_Narayana Hrudayalaya Ltd_BRSR.xml,899.126953125
Laurus Labs Ltd.,LAURUSLABS,Pharmaceuticals,22603.070006724494,https://nsearchives.nseindia.com/corporate/xbrl/BRSR_1484742_16072025072233_WEB.xml,16-Jul-2025,True,data\brsr_xbrl\LAURUSLABS_Laurus Labs Ltd_BRSR.xml,735.703125
Aster DM Healthcare Ltd.,ASTERDM,Pharmaceuticals,20489.9874374485,https://nsearchives.nseindia.com/corporate/xbrl/BRSR_1509178_12082025114518_WEB.xml,12-Aug-2025,True,data\brsr_xbrl\ASTERDM_Aster DM Healthcare Ltd_BRSR.xml,712.5546875
Dr. Lal Path Labs Ltd.,LALPATHLAB,Pharmaceuticals,20353.491501218,https://nsearchives.nseindia.com/corporate/xbrl/BRSR_1469108_20062025061128_WEB.xml,20-Jun-2025,True,data\brsr_xbrl\LALPATHLAB_Dr Lal Path Labs Ltd_BRSR.xml,684.7412109375
Pfizer Ltd.,PFIZER,Pharmaceuticals,20283.955542357,https://nsearchives.nseindia.com/corporate/xbrl/BRSR_1474188_29062025111334_WEB.xml,29-Jun-2025,True,data\brsr_xbrl\PFIZER_Pfizer Ltd_BRSR.xml,717.5361328125
Alembic Pharmaceuticals Ltd.,APLLTD,Pharmaceuticals,18690.6247059735,https://nsearchives.nseindia.com/corporate/xbrl/BRSR_1467340_16062025093416_WEB.xml,16-Jun-2025,True,data\brsr_xbrl\APLLTD_Alembic Pharmaceuticals Ltd_BRSR.xml,762.8837890625
Piramal Pharma Ltd.,PPLPHARMA,Pharmaceuticals,18644.451901357497,https://nsearchives.nseindia.com/corporate/xbrl/BRSR_1476367_02072025035134_WEB.xml,02-Jul-2025,True,data\brsr_xbrl\PPLPHARMA_Piramal Pharma Ltd_BRSR.xml,842.6259765625
NATCO Pharma Ltd.,NATCOPHARM,Pharmaceuticals,17649.240639931,https://nsearchives.nseindia.com/corporate/xbrl/BRSR_1519505_29082025063844_WEB.xml,29-Aug-2025,True,data\brsr_xbrl\NATCOPHARM_NATCO Pharma Ltd_BRSR.xml,772.6083984375
Larsen & Toubro Ltd.,LT,Real Estate & Construction,487634.01314880094,https://nsearchives.nseindia.com/corporate/xbrl/BRSR_1450809_26052025013610_WEB.xml,26-May-2025,True,data\brsr_xbrl\LT_Larsen  Toubro Ltd_BRSR.xml,1036.2802734375
DLF Ltd.,DLF,Real Estate & Construction,209238.920105397,https://nsearchives.nseindia.com/corporate/xbrl/BRSR_1481723_13072025094535_WEB.xml,13-Jul-2025,True,data\brsr_xbrl\DLF_DLF Ltd_BRSR.xml,1030.712890625
Godrej Properties Ltd.,GODREJPROP,Real Estate & Construction,70284.1110107815,https://nsearchives.nseindia.com/corporate/xbrl/BRSR_1477493_04072025064714_WEB.xml,04-Jul-2025,True,data\brsr_xbrl\GODREJPROP_Godrej Properties Ltd_BRSR.xml,932.5166015625
Rail Vikas Nigam Ltd.,RVNL,Real Estate & Construction,59582.411275555,https://nsearchives.nseindia.com/corporate/xbrl/BRSR_1504681_07082025124550_WEB.xml,07-Aug-2025,True,data\brsr_xbrl\RVNL_Rail Vikas Nigam Ltd_BRSR.xml,881.158203125
Oberoi Realty Ltd.,OBEROIRLTY,Real Estate & Construction,55556.587582816,https://nsearchives.nseindia.com/corporate/xbrl/BRSR_1477557_04072025073747_WEB.xml,04-Jul-2025,True,data\brsr_xbrl\OBEROIRLTY_Oberoi Realty Ltd_BRSR.xml,859.6572265625
Prestige Estates Projects Ltd.,PRESTIGE,Real Estate & Construction,55213.5539484395,https://nsearchives.nseindia.com/corporate/xbrl/BRSR_1514714_19082025042454_WEB.xml,19-Aug-2025,True,data\brsr_xbrl\PRESTIGE_Prestige Estates Projects Ltd_BRSR.xml,868.2646484375
IRB Infrastructure Developers Ltd.,IRB,Real Estate & Construction,37737.5208414635,https://nsearchives.nseindia.com/corporate/xbrl/BRSR_1516680_23082025044237_WEB.xml,23-Aug-2025,True,data\brsr_xbrl\IRB_IRB Infrastructure Developers _BRSR.xml,887.9169921875
Brigade Enterprises Ltd.,BRIGADE,Real Estate & Construction,24440.74307164,https://nsearchives.nseindia.com/corporate/xbrl/BRSR_1495843_28072025092850_WEB.xml,28-Jul-2025,True,data\brsr_xbrl\BRIGADE_Brigade Enterprises Ltd_BRSR.xml,814.5751953125
NBCC (India) Ltd.,NBCC,Real Estate & Construction,23446.8975609755,https://nsearchives.nseindia.com/corporate/xbrl/BRSR_1521882_02092025103613_WEB.xml,02-Sep-2025,True,data\brsr_xbrl\NBCC_NBCC India Ltd_BRSR.xml,722.431640625
IRCON International Ltd.,IRCON,Real Estate & Construction,22039.3462130355,https://nsearchives.nseindia.com/corporate/xbrl/BRSR_1516865_25082025125023_WEB.xml,25-Aug-2025,True,data\brsr_xbrl\IRCON_IRCON International Ltd_BRSR.xml,763.8759765625
Kec International Ltd.,KEC,Real Estate & Construction,18428.477615102,https://nsearchives.nseindia.com/corporate/xbrl/BRSR_1485777_17072025063908_WEB.xml,17-Jul-2025,True,data\brsr_xbrl\KEC_Kec International Ltd_BRSR.xml,795.712890625
Signatureglobal (India) Ltd.,SIGNATURE,Real Estate & Construction,17774.875891443502,https://nsearchives.nseindia.com/corporate/xbrl/BRSR_1521063_01092025094748_WEB.xml,01-Sep-2025,True,data\brsr_xbrl\SIGNATURE_Signatureglobal India Ltd_BRSR.xml,780.9248046875
Kalpataru Projects International Ltd.,KPIL,Real Estate & Construction,16851.1617207155,https://nsearchives.nseindia.com/corporate/xbrl/BRSR_1467004_16062025034025_WEB.xml,16-Jun-2025,True,data\brsr_xbrl\KPIL_Kalpataru Projects Internation_BRSR.xml,907.4140625
RITES Ltd.,RITES,Real Estate & Construction,16236.894116538,https://nsearchives.nseindia.com/corporate/xbrl/BRSR_1520014_30082025035804_WEB.xml,30-Aug-2025,True,data\brsr_xbrl\RITES_RITES Ltd_BRSR.xml,786.3291015625
NCC Ltd.,NCC,Real Estate & Construction,15574.943874327,https://nsearchives.nseindia.com/corporate/xbrl/BRSR_1500331_01082025052522_WEB.xml,01-Aug-2025,True,data\brsr_xbrl\NCC_NCC Ltd_BRSR.xml,742.37109375
Sobha Ltd.,SOBHA,Real Estate & Construction,15344.1702212745,https://nsearchives.nseindia.com/corporate/xbrl/BRSR_1476751_03072025120342_WEB.xml,03-Jul-2025,True,data\brsr_xbrl\SOBHA_Sobha Ltd_BRSR.xml,696.0771484375
Sterling and Wilson Renewable Energy Ltd.,SWSOLAR,Real Estate & Construction,14178.945950661,https://nsearchives.nseindia.com/corporate/xbrl/BRSR_1495879_28072025114038_WEB.xml,28-Jul-2025,True,data\brsr_xbrl\SWSOLAR_Sterling and Wilson Renewable _BRSR.xml,745.775390625
G R Infraprojects Ltd.,GRINFRA,Real Estate & Construction,13085.808275291,https://nsearchives.nseindia.com/corporate/xbrl/BRSR_1517138_25082025055858_WEB.xml,25-Aug-2025,True,data\brsr_xbrl\GRINFRA_G R Infraprojects Ltd_BRSR.xml,718.328125
Engineers India Ltd.,ENGINERSIN,Real Estate & Construction,12772.7952126955,https://nsearchives.nseindia.com/corporate/xbrl/BRSR_1519038_29082025124053_WEB.xml,29-Aug-2025,True,data\brsr_xbrl\ENGINERSIN_Engineers India Ltd_BRSR.xml,601.9296875
Anant Raj Ltd.,ANANTRAJ,Real Estate & Construction,11891.5730773395,https://nsearchives.nseindia.com/corporate/xbrl/BRSR_1474141_28062025102023_WEB.xml,28-Jun-2025,True,data\brsr_xbrl\ANANTRAJ_Anant Raj Ltd_BRSR.xml,681.6416015625
PNC Infratech Ltd.,PNCINFRA,Real Estate & Construction,11267.9957791865,https://nsearchives.nseindia.com/corporate/xbrl/BRSR_1524163_06092025124647_WEB.xml,06-Sep-2025,True,data\brsr_xbrl\PNCINFRA_PNC Infratech Ltd_BRSR.xml,664.5595703125
Techno Electric & Engineering Company Ltd.,TECHNOE,Real Estate & Construction,10257.8351626015,https://nsearchives.nseindia.com/corporate/xbrl/BRSR_1520922_01092025065428_WEB.xml,01-Sep-2025,True,data\brsr_xbrl\TECHNOE_Techno Electric  Engineering C_BRSR.xml,698.166015625
Mahindra Lifespace Developers Ltd.,MAHLIFE,Real Estate & Construction,9188.120934434,https://nsearchives.nseindia.com/corporate/xbrl/BRSR_1476905_03072025051612_WEB.xml,03-Jul-2025,True,data\brsr_xbrl\MAHLIFE_Mahindra Lifespace Developers _BRSR.xml,815.693359375
Avenue Supermarts Ltd.,DMART,Hospitality & Tourism,278029.0856907845,https://nsearchives.nseindia.com/corporate/xbrl/BRSR_1488227_21072025103435_WEB.xml,21-Jul-2025,True,data\brsr_xbrl\DMART_Avenue Supermarts Ltd_BRSR.xml,725.6533203125
Trent Ltd.,TRENT,Hospitality & Tourism,145215.8384863385,https://nsearchives.nseindia.com/corporate/xbrl/BRSR_1465717_11062025095524_WEB.xml,11-Jun-2025,True,data\brsr_xbrl\TRENT_Trent Ltd_BRSR.xml,730.0478515625
Indian Railway Catering And Tourism Corporation Ltd.,IRCTC,Hospitality & Tourism,78372.544715447,https://nsearchives.nseindia.com/corporate/xbrl/BRSR_1505897_07082025071733_WEB.xml,07-Aug-2025,True,data\brsr_xbrl\IRCTC_Indian Railway Catering And To_BRSR.xml,746.7578125
Info Edge (India) Ltd.,NAUKRI,Hospitality & Tourism,72880.225285756,https://nsearchives.nseindia.com/corporate/xbrl/BRSR_1500640_01082025072352_WEB.xml,01-Aug-2025,True,data\brsr_xbrl\NAUKRI_Info Edge India Ltd_BRSR.xml,802.814453125
Jubilant Foodworks Ltd.,JUBLFOOD,Hospitality & Tourism,32255.3044488295,https://nsearchives.nseindia.com/corporate/xbrl/BRSR_1500652_01082025072850_WEB.xml,01-Aug-2025,True,data\brsr_xbrl\JUBLFOOD_Jubilant Foodworks Ltd_BRSR.xml,791.99609375
EIH Ltd.,EIHOTEL,Hospitality & Tourism,25653.185668163,https://nsearchives.nseindia.com/corporate/xbrl/BRSR_1481708_12072025090215_WEB.xml,12-Jul-2025,True,data\brsr_xbrl\EIHOTEL_EIH Ltd_BRSR.xml,732.599609375
Vedant Fashions Ltd.,MANYAVAR,Hospitality & Tourism,24850.286204063,https://nsearchives.nseindia.com/corporate/xbrl/BRSR_1510648_12082025103505_WEB.xml,12-Aug-2025,True,data\brsr_xbrl\MANYAVAR_Vedant Fashions Ltd_BRSR.xml,697.4287109375
Aditya Birla Fashion and Retail Ltd.,ABFRL,Hospitality & Tourism,24634.322608551,https://nsearchives.nseindia.com/corporate/xbrl/BRSR_1519635_29082025074649_WEB.xml,29-Aug-2025,True,data\brsr_xbrl\ABFRL_Aditya Birla Fashion and Retai_BRSR.xml,749.7548828125
Devyani International Ltd.,DEVYANI,Hospitality & Tourism,19810.9287462515,https://nsearchives.nseindia.com/corporate/xbrl/BRSR_1477833_05072025064710_WEB.xml,05-Jul-2025,True,data\brsr_xbrl\DEVYANI_Devyani International Ltd_BRSR.xml,700.966796875
Chalet Hotels Ltd.,CHALET,Hospitality & Tourism,16826.507488069,https://nsearchives.nseindia.com/corporate/xbrl/BRSR_1483805_16072025111825_WEB.xml,16-Jul-2025,True,data\brsr_xbrl\CHALET_Chalet Hotels Ltd_BRSR.xml,856.75
TBO Tek Ltd.,TBOTEK,Hospitality & Tourism,16652.8259155625,https://nsearchives.nseindia.com/corporate/xbrl/BRSR_1482454_14072025063355_WEB.xml,14-Jul-2025,True,data\brsr_xbrl\TBOTEK_TBO Tek Ltd_BRSR.xml,676.4609375
Indiamart Intermesh Ltd.,INDIAMART,Hospitality & Tourism,15753.6378429965,https://nsearchives.nseindia.com/corporate/xbrl/BRSR_1446728_22052025015818_WEB.xml,22-May-2025,True,data\brsr_xbrl\INDIAMART_Indiamart Intermesh Ltd_BRSR.xml,729.4453125
BLS International Services Ltd.,BLS,Hospitality & Tourism,14363.349948055644,https://nsearchives.nseindia.com/corporate/xbrl/BRSR_1516564_22082025104517_WEB.xml,22-Aug-2025,True,data\brsr_xbrl\BLS_BLS International Services Ltd_BRSR.xml,744.744140625
Hindustan Unilever Ltd.,HINDUNILVR,Retail & Consumer Goods,562159.9985382624,https://nsearchives.nseindia.com/corporate/xbrl/BRSR_1486091_18072025110717_WEB.xml,18-Jul-2025,True,data\brsr_xbrl\HINDUNILVR_Hindustan Unilever Ltd_BRSR.xml,910.568359375
ITC Ltd.,ITC,Retail & Consumer Goods,538703.5697368791,https://nsearchives.nseindia.com/corporate/xbrl/BRSR_1473051_27062025034500_WEB.xml,27-Jun-2025,True,data\brsr_xbrl\ITC_ITC Ltd_BRSR.xml,884.3291015625
Titan Company Ltd.,TITAN,Retail & Consumer Goods,317580.07400088303,https://nsearchives.nseindia.com/corporate/xbrl/BRSR_1473059_27062025034725_WEB.xml,27-Jun-2025,True,data\brsr_xbrl\TITAN_Titan Company Ltd_BRSR.xml,853.939453125
Asian Paints Ltd.,ASIANPAINT,Retail & Consumer Goods,282148.73631218146,https://nsearchives.nseindia.com/corporate/xbrl/BRSR_1470036_24062025101008_WEB.xml,24-Jun-2025,True,data\brsr_xbrl\ASIANPAINT_Asian Paints Ltd_BRSR.xml,916.9814453125
Nestle India Ltd.,NESTLEIND,Retail & Consumer Goods,243573.967446209,https://nsearchives.nseindia.com/corporate/xbrl/BRSR_1473035_27062025033841_WEB.xml,27-Jun-2025,True,data\brsr_xbrl\NESTLEIND_Nestle India Ltd_BRSR.xml,901.8564453125
Godrej Consumer Products Ltd.,GODREJCP,Retail & Consumer Goods,127832.320059393,https://nsearchives.nseindia.com/corporate/xbrl/BRSR_1492280_24072025040600_WEB.xml,24-Jul-2025,True,data\brsr_xbrl\GODREJCP_Godrej Consumer Products Ltd_BRSR.xml,898.8564453125
Britannia Industries Ltd.,BRITANNIA,Retail & Consumer Goods,121855.6301540955,https://nsearchives.nseindia.com/corporate/xbrl/BRSR_1488123_20072025120030_WEB.xml,20-Jul-2025,True,data\brsr_xbrl\BRITANNIA_Britannia Industries Ltd_BRSR.xml,772.50390625
Tata Consumer Products Ltd.,TATACONSUM,Retail & Consumer Goods,107325.2280368435,https://nsearchives.nseindia.com/corporate/xbrl/BRSR_1473177_27062025043658_WEB.xml,27-Jun-2025,True,data\brsr_xbrl\TATACONSUM_Tata Consumer Products Ltd_BRSR.xml,756.3154296875
Havells India Ltd.,HAVELLS,Retail & Consumer Goods,98517.872518731,https://nsearchives.nseindia.com/corporate/xbrl/BRSR_1441641_16052025080044_WEB.xml,16-May-2025,True,data\brsr_xbrl\HAVELLS_Havells India Ltd_BRSR.xml,782.404296875
Dabur India Ltd.,DABUR,Retail & Consumer Goods,96597.6533945345,https://nsearchives.nseindia.com/corporate/xbrl/BRSR_1479590_09072025061811_WEB.xml,09-Jul-2025,True,data\brsr_xbrl\DABUR_Dabur India Ltd_BRSR.xml,1015.78125
United Spirits Ltd.,UNITDSPR,Retail & Consumer Goods,84451.6283153265,https://nsearchives.nseindia.com/corporate/xbrl/BRSR_1503803_06082025022144_WEB.xml,06-Aug-2025,True,data\brsr_xbrl\UNITDSPR_United Spirits Ltd_BRSR.xml,903.7001953125
Colgate Palmolive (India) Ltd.,COLPAL,Retail & Consumer Goods,72468.339578615,https://nsearchives.nseindia.com/corporate/xbrl/BRSR_1472144_26062025052357_WEB.xml,26-Jun-2025,True,data\brsr_xbrl\COLPAL_Colgate Palmolive India Ltd_BRSR.xml,786.021484375
Marico Ltd.,MARICO,Retail & Consumer Goods,70778.2160014685,https://nsearchives.nseindia.com/corporate/xbrl/BRSR_1481442_12072025111928_WEB.xml,12-Jul-2025,True,data\brsr_xbrl\MARICO_Marico Ltd_BRSR.xml,847.4091796875
United Breweries Ltd.,UBL,Retail & Consumer Goods,49062.226156211,https://nsearchives.nseindia.com/corporate/xbrl/BRSR_1482607_14072025095828_WEB.xml,14-Jul-2025,True,data\brsr_xbrl\UBL_United Breweries Ltd_BRSR.xml,799.5947265625
Dixon Technologies (India) Ltd.,DIXON,Retail & Consumer Goods,46762.20697673501,https://nsearchives.nseindia.com/corporate/xbrl/BRSR_1521118_01092025115448_WEB.xml,01-Sep-2025,True,data\brsr_xbrl\DIXON_Dixon Technologies India Ltd_BRSR.xml,754.2890625
Kalyan Jewellers India Ltd.,KALYANKJIL,Retail & Consumer Goods,40613.4508496285,https://nsearchives.nseindia.com/corporate/xbrl/BRSR_1512509_14082025120531_WEB.xml,14-Aug-2025,True,data\brsr_xbrl\KALYANKJIL_Kalyan Jewellers India Ltd_BRSR.xml,684.501953125
Voltas Ltd.,VOLTAS,Retail & Consumer Goods,40294.803064807,https://nsearchives.nseindia.com/corporate/xbrl/BRSR_1468067_18062025050456_WEB.xml,18-Jun-2025,True,data\brsr_xbrl\VOLTAS_Voltas Ltd_BRSR.xml,838.626953125
Blue Star Ltd.,BLUESTARCO,Retail & Consumer Goods,27564.190254376503,https://nsearchives.nseindia.com/corporate/xbrl/BRSR_1481346_11072025085159_WEB.xml,11-Jul-2025,True,data\brsr_xbrl\BLUESTARCO_Blue Star Ltd_BRSR.xml,749.5927734375
Kansai Nerolac Paints Ltd.,KANSAINER,Retail & Consumer Goods,23735.054440216,https://nsearchives.nseindia.com/corporate/xbrl/BRSR_1470402_24062025051516_WEB.xml,24-Jun-2025,True,data\brsr_xbrl\KANSAINER_Kansai Nerolac Paints Ltd_BRSR.xml,856.6767578125
Emami Ltd.,EMAMILTD,Retail & Consumer Goods,22860.269367152498,https://nsearchives.nseindia.com/corporate/xbrl/BRSR_1502747_05082025042541_WEB.xml,05-Aug-2025,True,data\brsr_xbrl\EMAMILTD_Emami Ltd_BRSR.xml,768.2236328125
Radico Khaitan Ltd,RADICO,Retail & Consumer Goods,22415.169004347,https://nsearchives.nseindia.com/corporate/xbrl/BRSR_1483859_16072025115430_WEB.xml,16-Jul-2025,True,data\brsr_xbrl\RADICO_Radico Khaitan Ltd_BRSR.xml,749.759765625
Gillette India Ltd.,GILLETTE,Retail & Consumer Goods,22082.535145361,https://nsearchives.nseindia.com/corporate/xbrl/BRSR_1508093_11082025113439_WEB.xml,11-Aug-2025,True,data\brsr_xbrl\GILLETTE_Gillette India Ltd_BRSR.xml,604.4443359375
Crompton Greaves Consumer Electricals Ltd.,CROMPTON,Retail & Consumer Goods,20909.19032276,https://nsearchives.nseindia.com/corporate/xbrl/BRSR_1468307_18062025105811_WEB.xml,18-Jun-2025,True,data\brsr_xbrl\CROMPTON_Crompton Greaves Consumer Elec_BRSR.xml,745.978515625
Bharti Airtel Ltd.,BHARTIARTL,Telecom Infrastructure,730310.2342570175,https://nsearchives.nseindia.com/corporate/xbrl/BRSR_1484884_16072025112237_WEB.xml,16-Jul-2025,True,data\brsr_xbrl\BHARTIARTL_Bharti Airtel Ltd_BRSR.xml,1046.060546875
Vodafone Idea Ltd.,IDEA,Telecom Infrastructure,78513.01673621699,https://nsearchives.nseindia.com/corporate/xbrl/BRSR_1500518_01082025063323_WEB.xml,01-Aug-2025,True,data\brsr_xbrl\IDEA_Vodafone Idea Ltd_BRSR.xml,746.2255859375
Indus Towers Ltd.,INDUSTOWER,Telecom Infrastructure,77059.6363330195,https://nsearchives.nseindia.com/corporate/xbrl/BRSR_1506311_08082025030228_WEB.xml,08-Aug-2025,True,data\brsr_xbrl\INDUSTOWER_Indus Towers Ltd_BRSR.xml,920.2373046875
Tata Communications Ltd.,TATACOMM,Telecom Infrastructure,51994.469817073,https://nsearchives.nseindia.com/corporate/xbrl/BRSR_1467345_16062025103334_WEB.xml,16-Jun-2025,True,data\brsr_xbrl\TATACOMM_Tata Communications Ltd_BRSR.xml,932.8935546875
Bharti Hexacom Ltd.,BHARTIHEXA,Telecom Infrastructure,49616.25,https://nsearchives.nseindia.com/corporate/xbrl/BRSR_1494194_25072025102314_WEB.xml,25-Jul-2025,True,data\brsr_xbrl\BHARTIHEXA_Bharti Hexacom Ltd_BRSR.xml,802.4091796875
